{
    "epoch": 4.0,
    "eval_accuracy": 0.5862995298858295,
    "eval_loss": 1.1623181104660034,
    "eval_runtime": 10.2471,
    "eval_samples_per_second": 145.309,
    "eval_steps_per_second": 4.587,
    "total_flos": 3712670140791330.0,
    "train_loss": 1.1139584179425297,
    "train_runtime": 891.0527,
    "train_samples": 256,
    "train_samples_per_second": 1503.278,
    "train_steps_per_second": 47.023
}