{
    "epoch": 4.0,
    "eval_accuracy": 0.5862995298858295,
    "eval_loss": 1.1623181104660034,
    "eval_runtime": 10.2471,
    "eval_samples_per_second": 145.309,
    "eval_steps_per_second": 4.587
}