{
    "epoch": 4.0,
    "eval_accuracy": 0.5602955995969097,
    "eval_loss": 1.4078209400177002,
    "eval_runtime": 11.6088,
    "eval_samples_per_second": 256.443,
    "eval_steps_per_second": 8.097
}