{
    "epoch": 5.0,
    "eval_accuracy": 0.6104768300873069,
    "eval_loss": 1.1060067415237427,
    "eval_runtime": 5.3268,
    "eval_samples_per_second": 279.532,
    "eval_steps_per_second": 8.823
}